exception_type,classification,source_row,thesis_id,year,thesis_title,details,review_status,review_notes
missing keywords,manual review required,3,bsge-2014-002,2014,A Multi-Method Approach for Classification of Multibeam Echosounder Data for Benthic Habitat Mapping,Source keywords are blank; do not fabricate.,pending-review,
co-advised-only association,expected non-EnviSAGE adviser,14,bsge-2017-013,2017,Estimation of Blue Carbon Stocks from Mangroves using Remotely-sensed Datasets,Main adviser 'Anjillyn Mae C. Perez' is not matched to EnviSAGE faculty; EnviSAGE match is in co-advisers.,pending-review,
co-advised-only association,expected non-EnviSAGE adviser,28,bsge-2017-027,2017,"Chlorophyll-a Estimation in San Pablo Bay, Leyte using RS Based Models",Main adviser 'Roseanne V. Ramos' is not matched to EnviSAGE faculty; EnviSAGE match is in co-advisers.,pending-review,
missing keywords,manual review required,34,bsge-2018-033,2018,Parking Pattern Assessment and Optimal Parking Space Analysis using GIS: The Case Study of Quezon City Central Business District,Source keywords are blank; do not fabricate.,pending-review,
co-advised-only association,expected non-EnviSAGE adviser,46,bsge-2018-045,2018,Using Remote Sensing and ARIMA Modelling in Assessing the Effectiveness of Implemented Forest Laws by Forest Change Monitoring,Main adviser 'Bienvenido G. Carcellar III' is not matched to EnviSAGE faculty; EnviSAGE match is in co-advisers.,pending-review,
missing keywords,manual review required,46,bsge-2018-045,2018,Using Remote Sensing and ARIMA Modelling in Assessing the Effectiveness of Implemented Forest Laws by Forest Change Monitoring,Source keywords are blank; do not fabricate.,pending-review,
co-advised-only association,expected non-EnviSAGE adviser,47,bsge-2018-046,2018,Detecting and Monitoring Aquaculture Structures using Object-based Image Analysis in Laguna de Bay using DIWATA-1 and Landsat 8 Images,Main adviser 'Mark Edwin A. Tupas' is not matched to EnviSAGE faculty; EnviSAGE match is in co-advisers.,pending-review,
co-advised-only association,expected non-EnviSAGE adviser,48,bsge-2018-047,2018,"GIS-based Comparative Analysis of Solid Waste Collection Systems in Barangays Central and Pinyahan, Quezon City",Main adviser 'Ransie Joy A. Apura' is not matched to EnviSAGE faculty; EnviSAGE match is in co-advisers.,pending-review,
missing keywords,manual review required,48,bsge-2018-047,2018,"GIS-based Comparative Analysis of Solid Waste Collection Systems in Barangays Central and Pinyahan, Quezon City",Source keywords are blank; do not fabricate.,pending-review,
missing keywords,manual review required,53,bsge-2019-052,2019,Estimation of Chlorophyll-a Concentration in Sampaloc Lake using UAS Multispectral Remote Sensing and Regression Analysis,Source keywords are blank; do not fabricate.,pending-review,
co-advised-only association,expected non-EnviSAGE adviser,59,bsge-2019-058,2019,Correlation of UAV-based Multispectral Vegetation Indices and Leaf Color Chart Observations for Nitrogen Concentration Assessment on Rice Crops,Main adviser 'Louie P. Balicanta' is not matched to EnviSAGE faculty; EnviSAGE match is in co-advisers.,pending-review,
co-advised-only association,expected non-EnviSAGE adviser,60,bsge-2019-059,2019,Proposed Sugarcane Phenotyping System for SRA-LAREC Experimental Plots through UAV-based Remote Sensing,Main adviser 'Mark Edwin A. Tupas' is not matched to EnviSAGE faculty; EnviSAGE match is in co-advisers.,pending-review,
co-advised-only association,expected non-EnviSAGE adviser,61,bsge-2019-060,2019,"Bathymetric Mapping of Shallow Waters of Lian, Batangas using Unmanned Aerial Vehicle (UAV)",Main adviser 'Roseanne V. Ramos' is not matched to EnviSAGE faculty; EnviSAGE match is in co-advisers.,pending-review,
co-advised-only association,expected non-EnviSAGE adviser,62,bsge-2019-061,2019,"Assessment of White Grub Infestation of Sugarcane in Barangay Calan, Balayan, Batangas using Sentinel-2B Multispectral Images",Main adviser 'Roseanne V. Ramos' is not matched to EnviSAGE faculty; EnviSAGE match is in co-advisers.,pending-review,
co-advised-only association,expected non-EnviSAGE adviser,63,bsge-2019-062,2019,Estimation and Analysis of Aerosol Optical Thickness (AOT) in Metro Manila from 2015 to 2018 using Remote Sensing and GIS,Main adviser 'Roseanne V. Ramos' is not matched to EnviSAGE faculty; EnviSAGE match is in co-advisers.,pending-review,
co-advised-only association,expected non-EnviSAGE adviser,64,bsge-2019-063,2019,"Deriving Hard Coral Cover in Lian, Batangas using Planetscope Imagery by Mixture Tuned Matched Filtering Technique",Main adviser 'Roseanne V. Ramos' is not matched to EnviSAGE faculty; EnviSAGE match is in co-advisers.,pending-review,
co-advised-only association,expected non-EnviSAGE adviser,65,bsge-2019-064,2019,Determination of Drainage Pipe Conditions using Ground Penetrating Radar (GPR),Main adviser 'Roseanne V. Ramos' is not matched to EnviSAGE faculty; EnviSAGE match is in co-advisers.,pending-review,
co-advised-only association,expected non-EnviSAGE adviser,66,bsge-2019-065,2019,"Assessment of Seagrass Percent Cover and Water Quality using UAV Images and Field Measurements in Bolinao, Pangasinan",Main adviser 'Roseanne V. Ramos' is not matched to EnviSAGE faculty; EnviSAGE match is in co-advisers.,pending-review,
missing abstract,manual review required,67,bsge-2021-066,2021,"Coconut Tree (Cocos Nucifera) Detection and Counting from Worldview-3 Imagery Using Object-Based Image Analysis, Local Peak Detection, and Template Matching",Source abstract is blank; do not fabricate.,pending-review,
missing keywords,manual review required,67,bsge-2021-066,2021,"Coconut Tree (Cocos Nucifera) Detection and Counting from Worldview-3 Imagery Using Object-Based Image Analysis, Local Peak Detection, and Template Matching",Source keywords are blank; do not fabricate.,pending-review,
co-advised-only association,expected non-EnviSAGE adviser,68,bsge-2021-067,2021,"Archaeological Feature Detection for Shipwrecks Site Exploration Using Remote Sensing along Mestizo River in Caoayan, Ilocos Sur.","Main adviser 'SARMIENTO, Czar Jakiri S.' is not matched to EnviSAGE faculty; EnviSAGE match is in co-advisers.",pending-review,
missing abstract,manual review required,68,bsge-2021-067,2021,"Archaeological Feature Detection for Shipwrecks Site Exploration Using Remote Sensing along Mestizo River in Caoayan, Ilocos Sur.",Source abstract is blank; do not fabricate.,pending-review,
missing keywords,manual review required,68,bsge-2021-067,2021,"Archaeological Feature Detection for Shipwrecks Site Exploration Using Remote Sensing along Mestizo River in Caoayan, Ilocos Sur.",Source keywords are blank; do not fabricate.,pending-review,
co-advised-only association,expected non-EnviSAGE adviser,69,bsge-2021-068,2021,Archaeological Feature Detection of the Historical Gold Trade Network in Northwestern Luzon Using High-Resolution Satellite Images and Lidar-derived Digital Terrain Model.,"Main adviser 'SARMIENTO, Czar Jakiri S.' is not matched to EnviSAGE faculty; EnviSAGE match is in co-advisers.",pending-review,
missing abstract,manual review required,69,bsge-2021-068,2021,Archaeological Feature Detection of the Historical Gold Trade Network in Northwestern Luzon Using High-Resolution Satellite Images and Lidar-derived Digital Terrain Model.,Source abstract is blank; do not fabricate.,pending-review,
missing keywords,manual review required,69,bsge-2021-068,2021,Archaeological Feature Detection of the Historical Gold Trade Network in Northwestern Luzon Using High-Resolution Satellite Images and Lidar-derived Digital Terrain Model.,Source keywords are blank; do not fabricate.,pending-review,
co-advised-only association,expected non-EnviSAGE adviser,70,bsge-2021-069,2021,"Geovisualization of “Busyness” of Establishments Along Maginhawa Street, Quezon City for the Management of “New Normal” Under the Food Service Category Using Geographic Information Systems.","Main adviser 'SARMIENTO, Czar Jakiri S.' is not matched to EnviSAGE faculty; EnviSAGE match is in co-advisers.",pending-review,
missing abstract,manual review required,70,bsge-2021-069,2021,"Geovisualization of “Busyness” of Establishments Along Maginhawa Street, Quezon City for the Management of “New Normal” Under the Food Service Category Using Geographic Information Systems.",Source abstract is blank; do not fabricate.,pending-review,
missing keywords,manual review required,70,bsge-2021-069,2021,"Geovisualization of “Busyness” of Establishments Along Maginhawa Street, Quezon City for the Management of “New Normal” Under the Food Service Category Using Geographic Information Systems.",Source keywords are blank; do not fabricate.,pending-review,
co-advised-only association,expected non-EnviSAGE adviser,71,bsge-2021-070,2021,Post-Disaster Remote Reconnaissance of the 2020 Taal Volcano Eruption Using Diwata-2 Satellite Images and Social Media Data,"Main adviser 'SARMIENTO, Czar Jakiri S.' is not matched to EnviSAGE faculty; EnviSAGE match is in co-advisers.",pending-review,
missing abstract,manual review required,71,bsge-2021-070,2021,Post-Disaster Remote Reconnaissance of the 2020 Taal Volcano Eruption Using Diwata-2 Satellite Images and Social Media Data,Source abstract is blank; do not fabricate.,pending-review,
missing keywords,manual review required,71,bsge-2021-070,2021,Post-Disaster Remote Reconnaissance of the 2020 Taal Volcano Eruption Using Diwata-2 Satellite Images and Social Media Data,Source keywords are blank; do not fabricate.,pending-review,
co-advised-only association,expected non-EnviSAGE adviser,89,bsge-2023-088,2023,Bites and Pixels: Dengue Risk Zone Map of Quezon City Based on Environmental and Socioeconomic Variables using Geographic Information System and Remoste Sensing,Main adviser 'Bienvenido G. Carcellar III' is not matched to EnviSAGE faculty; EnviSAGE match is in co-advisers.,pending-review,
co-advised-only association,expected non-EnviSAGE adviser,90,bsge-2023-089,2023,Spatiotemporal Analysis of Traffic Accidents Hotspots using Twitter Data: The Case of Quezon City,"Main adviser 'SARMIENTO, Czar Jakiri S.' is not matched to EnviSAGE faculty; EnviSAGE match is in co-advisers.",pending-review,
co-advised-only association,expected non-EnviSAGE adviser,91,bsge-2023-090,2023,Site Suitability Analysis of Salt Farms in Pangasinan using Geospatial Data and Analytic Hierarchy Process,Main adviser 'Jeark A. Principe' is not matched to EnviSAGE faculty; EnviSAGE match is in co-advisers.,pending-review,
co-advised-only association,expected non-EnviSAGE adviser,92,bsge-2023-091,2023,GIS-based Suitability Analysis for Vertical Green Spaces in the City of Manila using Analytic Hierarchy Process (AHP),Main adviser 'Ma. Rosario Concepcion O. Ang' is not matched to EnviSAGE faculty; EnviSAGE match is in co-advisers.,pending-review,
co-advised-only association,expected non-EnviSAGE adviser,93,bsge-2023-092,2023,Spatiotemporal Analysis of Satellite-based Trace Gases Concentrations in Port Areas in the Philippines,Main adviser 'Roseanne V. Ramos' is not matched to EnviSAGE faculty; EnviSAGE match is in co-advisers.,pending-review,
co-advised-only association,expected non-EnviSAGE adviser,103,bsge-2024-102,2024,Potential Assessment of Agrivoltaic Systems in The Philippines Using RS and GIS: Case of Pangasinan Province,"Main adviser 'PRINCIPE, Jeark A.' is not matched to EnviSAGE faculty; EnviSAGE match is in co-advisers.",pending-review,
co-advised-only association,expected non-EnviSAGE adviser,104,bsge-2024-103,2024,Onshore Wind Farms Suitability Analysis Using GIS-based AHP-PROMETHEE II,"Main adviser 'ANG, Ma. Rosario Concepcion O.' is not matched to EnviSAGE faculty; EnviSAGE match is in co-advisers.",pending-review,
co-advised-only association,expected non-EnviSAGE adviser,107,bsge-2024-106,2024,"Assessing Fecal Coliform Presence in the Municipal Waters of Dapa, Surigao Del Norte: A Comparative Study of Empirical and Machine Learning Approaches Using Landsat 8 and 9","Main adviser 'SARMIENTO, Czar Jakiri S.' is not matched to EnviSAGE faculty; EnviSAGE match is in co-advisers.",pending-review,
co-advised-only association,expected non-EnviSAGE adviser,109,bsge-2024-108,2024,"Modeling and Impact Assessment of Solar Farm Expansion Using Machine Learning, Remote Sensing, and GIS Techniques","Main adviser 'PRINCIPE, Jeark A.' is not matched to EnviSAGE faculty; EnviSAGE match is in co-advisers.",pending-review,
co-advised-only association,expected non-EnviSAGE adviser,110,bsge-2024-109,2024,Potential Assessment of Agrivoltaic Systems In the Philippines Using RS And GIS: Case of Pangasinan Province,"Main adviser 'PRINCIPE, Jeark A.' is not matched to EnviSAGE faculty; EnviSAGE match is in co-advisers.",pending-review,
co-advised-only association,expected non-EnviSAGE adviser,112,bsge-2025-111,2025,SOCIO-SPATIAL JUSTICE IN REBUILDING COMMUNITIES: A SOCIO-SPATIAL INEQUALITY ANALYSIS OF ORIGINAL SETTLEMENT AREA AND RELOCATION AREA,"Main adviser 'Vergara, Karl Adrian P.' is not matched to EnviSAGE faculty; EnviSAGE match is in co-advisers.",pending-review,
co-advised-only association,expected non-EnviSAGE adviser,115,bsge-2025-114,2025,Spatial and Socioeconomic Drivers of Land Use Change in High-Density Residential Areas (R-3) in Quezon City: A Predictive Simulation Using the Cellular Automata-Markov Chain Model,"Main adviser 'Claridades, Alexis Richard C.' is not matched to EnviSAGE faculty; EnviSAGE match is in co-advisers.",pending-review,
co-advised-only association,expected non-EnviSAGE adviser,116,bsge-2025-115,2025,Informal Settlement Detection Within Quezon City Through Various Convolutional Neural Network Models,"Main adviser 'Carcellar, Bienvenido, G' is not matched to EnviSAGE faculty; EnviSAGE match is in co-advisers.",pending-review,
co-advised-only association,expected non-EnviSAGE adviser,122,bsge-2025-121,2025,"FLOATING PHOTOVOLTAIC POTENTIAL ASSESSMENT OF ANGAT RESERVOIR, PHILIPPINES USING REMOTE SENSING AND GEOGRAPHIC INFORMATION SYSTEM","Main adviser 'Ang, Ma. Rosario Concepcion O.' is not matched to EnviSAGE faculty; EnviSAGE match is in co-advisers.",pending-review,
missing abstract,manual review required,124,bsge-2026-123,2026,"Seagrass Aboveground Biomass–Based Carbon Stock Estimation in Bongao, Tawi-Tawi and Mansalay, Oriental Mindoro, through Remote Sensing",Source abstract is blank; do not fabricate.,pending-review,
missing keywords,manual review required,124,bsge-2026-123,2026,"Seagrass Aboveground Biomass–Based Carbon Stock Estimation in Bongao, Tawi-Tawi and Mansalay, Oriental Mindoro, through Remote Sensing",Source keywords are blank; do not fabricate.,pending-review,
missing abstract,manual review required,125,bsge-2026-124,2026,Assessment of Carbon Stock Changes in Aquaculture-Converted Mangrove Ecosystems in Aklan Using Global Ecosystem Dynamics Investigation (GEDI) LiDAR,Source abstract is blank; do not fabricate.,pending-review,
missing keywords,manual review required,125,bsge-2026-124,2026,Assessment of Carbon Stock Changes in Aquaculture-Converted Mangrove Ecosystems in Aklan Using Global Ecosystem Dynamics Investigation (GEDI) LiDAR,Source keywords are blank; do not fabricate.,pending-review,
missing abstract,manual review required,126,bsge-2026-125,2026,"Analysis and Classification of Dominant Algal Bloom Phytoplankton Groups Using XGBoost with GCOM-C/SGLI Products and In Situ Data in Bolinao and Anda, Pangasinan",Source abstract is blank; do not fabricate.,pending-review,
missing keywords,manual review required,126,bsge-2026-125,2026,"Analysis and Classification of Dominant Algal Bloom Phytoplankton Groups Using XGBoost with GCOM-C/SGLI Products and In Situ Data in Bolinao and Anda, Pangasinan",Source keywords are blank; do not fabricate.,pending-review,
suspicious/combined co-adviser cell,ambiguous/manual review required,75,bsge-2023-074,2023,"Estimation and Mapping of Mangrove Aboveground Biomass in Zambales Province using Sentinel-2, Sentinel-1, and ALOS-2/PALSAR-2",Raw co-adviser cell parsed as ['Severino G. Salmo III Rosalie B. Reyes']; delimiters=['none'],pending-review,
suspicious/combined co-adviser cell,ambiguous/manual review required,83,bsge-2023-082,2023,Typhoon Karding (Noru) Storm Surge Analysis using the COAWST Modeling System,Raw co-adviser cell parsed as ['Ma. Rosario Concepcion O. Ang Dominic M. Bautista']; delimiters=['none'],pending-review,
suspicious/combined co-adviser cell,ambiguous/manual review required,118,bsge-2025-117,2025,Marine Litter Accumulations in Remote Sensing and Particle Tracking Models in Manila Bay Pasig River Outfall,"Raw co-adviser cell parsed as ['Herrera, Eugene, C']; delimiters=['none']",pending-review,
suspicious/combined co-adviser cell,ambiguous/manual review required,119,bsge-2025-118,2025,Aboveground Biomass Estimation of Rice Crops (Oryza sativa L.) Utilizing Parameters Derived From UAV-Based LiDAR And Multispectral Satellite Sensors,"Raw co-adviser cell parsed as ['Bahia, Roel, T']; delimiters=['none']",pending-review,
suspicious/combined co-adviser cell,ambiguous/manual review required,120,bsge-2025-119,2025,"Assessing the Relationship between Coastal Reclamation and Seagrass Ecosystems in Coron, Palawan using Multitemporal Remote Sensing, Shoreline Change Analysis, and Turbidity Mapping","Raw co-adviser cell parsed as ['Quiros, Angela, L']; delimiters=['none']",pending-review,
suspicious/combined co-adviser cell,ambiguous/manual review required,125,bsge-2026-124,2026,Assessment of Carbon Stock Changes in Aquaculture-Converted Mangrove Ecosystems in Aklan Using Global Ecosystem Dynamics Investigation (GEDI) LiDAR,"Raw co-adviser cell parsed as ['Alvin Baloloy, Dr. Rempei Suwa']; delimiters=['none']",pending-review,
slug collision,resolved deterministic suffix,110,bsge-2024-109,2024,Potential Assessment of Agrivoltaic Systems In the Philippines Using RS And GIS: Case of Pangasinan Province,"Base slug 'potential-assessment-of-agrivoltaic-systems-in-the-philippines-using-rs-and-gis-case-of-pangasinan-province' resolved as 'potential-assessment-of-agrivoltaic-systems-in-the-philippines-using-rs-and-gis-case-of-pangasinan-province-a5de984b' using an 8-character SHA-1 suffix from year, authors, and title.",pending-review,
unmatched adviser-name variant,expected non-EnviSAGE adviser,,,,,Roseanne V. Ramos: 13 occurrence(s),pending-review,
unmatched adviser-name variant,expected non-EnviSAGE adviser,,,,,"SARMIENTO, Czar Jakiri S.: 6 occurrence(s)",pending-review,
unmatched adviser-name variant,expected non-EnviSAGE adviser,,,,,"PRINCIPE, Jeark A.: 5 occurrence(s)",pending-review,
unmatched adviser-name variant,expected non-EnviSAGE adviser,,,,,Bienvenido G. Carcellar III: 2 occurrence(s),pending-review,
unmatched adviser-name variant,expected non-EnviSAGE adviser,,,,,Mark Edwin A. Tupas: 2 occurrence(s),pending-review,
unmatched adviser-name variant,expected non-EnviSAGE adviser,,,,,Czar Jakiri S. Sarmiento: 2 occurrence(s),pending-review,
unmatched adviser-name variant,expected non-EnviSAGE adviser,,,,,Jeark A. Principe: 2 occurrence(s),pending-review,
unmatched adviser-name variant,expected non-EnviSAGE adviser,,,,,"Claridades, Alexis Richard C.: 2 occurrence(s)",pending-review,
unmatched adviser-name variant,expected non-EnviSAGE adviser,,,,,Sheryl Rose Reyes: 1 occurrence(s),pending-review,
unmatched adviser-name variant,expected non-EnviSAGE adviser,,,,,Anjillyn Mae C. Perez: 1 occurrence(s),pending-review,
unmatched adviser-name variant,expected non-EnviSAGE adviser,,,,,Jose Rene Y. Montelibano: 1 occurrence(s),pending-review,
unmatched adviser-name variant,expected non-EnviSAGE adviser,,,,,Edgardo G. Macatulad: 1 occurrence(s),pending-review,
unmatched adviser-name variant,expected non-EnviSAGE adviser,,,,,Florence A. Galeon: 1 occurrence(s),pending-review,
unmatched adviser-name variant,expected non-EnviSAGE adviser,,,,,Patrick Ostrea: 1 occurrence(s),pending-review,
unmatched adviser-name variant,expected non-EnviSAGE adviser,,,,,Ransie Joy A. Apura: 1 occurrence(s),pending-review,
unmatched adviser-name variant,expected non-EnviSAGE adviser,,,,,Maricor N. Soriano: 1 occurrence(s),pending-review,
unmatched adviser-name variant,expected non-EnviSAGE adviser,,,,,Louie P. Balicanta: 1 occurrence(s),pending-review,
unmatched adviser-name variant,ambiguous/manual review required,,,,,Severino G. Salmo III Rosalie B. Reyes: 1 occurrence(s),pending-review,
unmatched adviser-name variant,expected non-EnviSAGE adviser,,,,,Amihan Y. Manuel: 1 occurrence(s),pending-review,
unmatched adviser-name variant,expected non-EnviSAGE adviser,,,,,Charissa M. Ferrera: 1 occurrence(s),pending-review,
unmatched adviser-name variant,ambiguous/manual review required,,,,,Ma. Rosario Concepcion O. Ang Dominic M. Bautista: 1 occurrence(s),pending-review,
unmatched adviser-name variant,expected non-EnviSAGE adviser,,,,,Ma. Rosario Concepcion O. Ang: 1 occurrence(s),pending-review,
unmatched adviser-name variant,ambiguous/manual review required,,,,,Dr. Charina Lyn A. Repollo: 1 occurrence(s),pending-review,
unmatched adviser-name variant,expected non-EnviSAGE adviser,,,,,Karl Adrian P. Vergara: 1 occurrence(s),pending-review,
unmatched adviser-name variant,expected non-EnviSAGE adviser,,,,,Rafaela Jane P. Delfino: 1 occurrence(s),pending-review,
unmatched adviser-name variant,expected non-EnviSAGE adviser,,,,,"TORRES, Rodyvito Angelo B.: 1 occurrence(s)",pending-review,
unmatched adviser-name variant,expected non-EnviSAGE adviser,,,,,"AMEDO-REPOLLO, Charina Lyn: 1 occurrence(s)",pending-review,
unmatched adviser-name variant,expected non-EnviSAGE adviser,,,,,"ANG, Ma. Rosario Concepcion O.: 1 occurrence(s)",pending-review,
unmatched adviser-name variant,expected non-EnviSAGE adviser,,,,,"Babaan, Jennieveive B.: 1 occurrence(s)",pending-review,
unmatched adviser-name variant,expected non-EnviSAGE adviser,,,,,"Vergara, Karl Adrian P.: 1 occurrence(s)",pending-review,
unmatched adviser-name variant,ambiguous/manual review required,,,,,"Carcellar, Bienvenido, G: 1 occurrence(s)",pending-review,
unmatched adviser-name variant,ambiguous/manual review required,,,,,"Herrera, Eugene, C: 1 occurrence(s)",pending-review,
unmatched adviser-name variant,ambiguous/manual review required,,,,,"Bahia, Roel, T: 1 occurrence(s)",pending-review,
unmatched adviser-name variant,ambiguous/manual review required,,,,,"Quiros, Angela, L: 1 occurrence(s)",pending-review,
unmatched adviser-name variant,expected non-EnviSAGE adviser,,,,,"Ang, Ma. Rosario Concepcion O.: 1 occurrence(s)",pending-review,
unmatched adviser-name variant,expected non-EnviSAGE adviser,,,,,"Salmo, Severino: 1 occurrence(s)",pending-review,
unmatched adviser-name variant,ambiguous/manual review required,,,,,"Alvin Baloloy, Dr. Rempei Suwa: 1 occurrence(s)",pending-review,
unmatched adviser-name variant,ambiguous/manual review required,,,,,Dr. Aletta T. Yñiguez: 1 occurrence(s),pending-review,
